Timestamp,Gen,PnL,Sharpe,MaxDD,Trades,Fit,MutRate,TP,SL,Risk,Cooldown
2026-05-03T16:55:52.875884846+00:00,1,-0.64,-28.56,0.06,193,-3.98,0.25,0.0229,0.0071,0.01,8026
2026-05-03T16:57:06.965394044+00:00,2,-0.64,-28.56,0.06,193,-3.98,0.30,0.0229,0.0071,0.01,8026
2026-05-03T16:58:19.410429541+00:00,3,-0.64,-28.56,0.06,193,-3.98,0.35,0.0229,0.0071,0.01,8026
2026-05-03T16:59:31.453365621+00:00,4,-0.64,-28.56,0.06,193,-3.98,0.40,0.0229,0.0071,0.01,8026
2026-05-03T17:00:43.671137191+00:00,5,-0.64,-28.56,0.06,193,-3.98,0.45,0.0229,0.0071,0.01,8026
2026-05-03T17:01:56.006643159+00:00,6,-0.64,-28.56,0.06,193,-3.98,0.50,0.0229,0.0071,0.01,8026
2026-05-03T17:03:08.320306825+00:00,7,-0.64,-28.56,0.06,193,-3.98,0.50,0.0229,0.0071,0.01,8026
2026-05-03T17:04:20.368878501+00:00,8,-0.64,-28.56,0.06,193,-3.98,0.50,0.0229,0.0071,0.01,8026
2026-05-03T17:05:32.175550501+00:00,9,-0.64,-28.56,0.06,193,-3.98,0.50,0.0229,0.0071,0.01,8026
2026-05-03T17:06:43.408457521+00:00,10,-0.64,-28.56,0.06,193,-3.98,0.50,0.0229,0.0071,0.01,8026
2026-05-03T17:07:54.498668999+00:00,11,-0.64,-28.56,0.06,193,-3.98,0.80,0.0229,0.0071,0.01,8026
2026-05-03T17:09:05.906922298+00:00,12,-0.64,-28.56,0.06,193,-3.98,0.80,0.0229,0.0071,0.01,8026
2026-05-03T17:10:17.489899459+00:00,13,-0.64,-28.56,0.06,193,-3.98,0.80,0.0229,0.0071,0.01,8026
2026-05-03T17:11:28.937017288+00:00,14,-0.64,-28.56,0.06,193,-3.98,0.80,0.0229,0.0071,0.01,8026
2026-05-03T17:12:40.737081229+00:00,15,-0.64,-28.56,0.06,193,-3.98,0.80,0.0229,0.0071,0.01,8026
2026-05-03T17:13:52.579483291+00:00,16,-0.64,-28.56,0.06,193,-3.98,0.80,0.0229,0.0071,0.01,8026
2026-05-03T17:15:06.569690701+00:00,17,-0.64,-28.56,0.06,193,-3.98,0.50,0.0229,0.0071,0.01,8026
2026-05-03T17:16:17.582080470+00:00,18,-0.64,-28.56,0.06,193,-3.98,0.50,0.0229,0.0071,0.01,8026
2026-05-03T17:17:28.370214708+00:00,19,-0.64,-28.56,0.06,193,-3.98,0.50,0.0229,0.0071,0.01,8026
2026-05-03T17:18:39.095860332+00:00,20,-0.64,-28.56,0.06,193,-3.98,0.50,0.0229,0.0071,0.01,8026
2026-05-03T17:19:49.885629339+00:00,21,-0.64,-28.56,0.06,193,-3.98,0.50,0.0229,0.0071,0.01,8026
2026-05-03T17:21:00.728957842+00:00,22,-0.64,-28.56,0.06,193,-3.98,0.50,0.0229,0.0071,0.01,8026
2026-05-03T17:22:11.536365644+00:00,23,-0.64,-28.56,0.06,193,-3.98,0.50,0.0229,0.0071,0.01,8026
2026-05-03T17:23:22.411562927+00:00,24,-0.64,-28.56,0.06,193,-3.98,0.50,0.0229,0.0071,0.01,8026
2026-05-03T17:24:33.211372639+00:00,25,-0.64,-28.42,0.06,193,-3.97,0.20,0.0220,0.0070,0.01,8722
2026-05-03T17:25:43.498215314+00:00,26,-0.64,-28.61,0.06,193,-3.95,0.20,0.0234,0.0071,0.01,6791
2026-05-03T17:26:53.586921434+00:00,27,-0.29,-60.66,0.03,80,-3.95,0.20,0.0214,0.0064,0.01,7727
2026-05-03T17:28:03.844631126+00:00,28,-0.29,-59.14,0.03,81,-3.91,0.20,0.0224,0.0064,0.01,7901
2026-05-03T17:29:14.345586050+00:00,29,-0.29,-54.81,0.03,82,-3.87,0.20,0.0229,0.0071,0.01,7698
2026-05-03T17:30:24.724805109+00:00,30,-0.29,-27.67,0.03,82,-3.86,0.20,0.0240,0.0070,0.01,7573
2026-05-03T17:31:35.439261475+00:00,31,-0.29,-25.34,0.03,85,-3.74,0.20,0.0237,0.0070,0.01,7682
2026-05-03T17:32:46.487817716+00:00,32,-0.29,-25.34,0.03,85,-3.74,0.25,0.0237,0.0070,0.01,7682
2026-05-03T17:33:57.624339055+00:00,33,-0.29,-25.34,0.03,85,-3.74,0.30,0.0237,0.0070,0.01,7682
2026-05-03T17:35:09.101896935+00:00,34,-0.29,-25.34,0.03,85,-3.74,0.35,0.0237,0.0070,0.01,7682
2026-05-03T17:36:20.886768602+00:00,35,-0.29,-25.34,0.03,85,-3.74,0.40,0.0237,0.0070,0.01,7682
2026-05-03T17:37:32.449462678+00:00,36,-0.29,-25.34,0.03,85,-3.74,0.45,0.0237,0.0070,0.01,7682
2026-05-03T17:38:44.576341232+00:00,37,-0.29,-25.34,0.03,85,-3.74,0.50,0.0237,0.0070,0.01,7682
2026-05-03T17:39:56.502077543+00:00,38,-0.29,-25.34,0.03,85,-3.74,0.50,0.0237,0.0070,0.01,7682
2026-05-03T17:41:08.616866772+00:00,39,-0.29,-25.34,0.03,85,-3.74,0.50,0.0237,0.0070,0.01,7682
2026-05-03T17:42:20.865872348+00:00,40,-0.29,-25.34,0.03,85,-3.74,0.50,0.0237,0.0070,0.01,7682
2026-05-03T17:43:33.134374325+00:00,41,-0.29,-25.34,0.03,85,-3.74,0.50,0.0237,0.0070,0.01,7682
2026-05-03T17:44:45.184949605+00:00,42,-0.29,-25.34,0.03,85,-3.74,0.80,0.0237,0.0070,0.01,7682
2026-05-03T17:45:57.881400011+00:00,43,-0.29,-25.34,0.03,85,-3.74,0.80,0.0237,0.0070,0.01,7682
2026-05-03T17:47:10.657542201+00:00,44,-0.29,-25.34,0.03,85,-3.74,0.80,0.0237,0.0070,0.01,7682
2026-05-03T17:48:22.943471261+00:00,45,-0.29,-25.34,0.03,85,-3.74,0.80,0.0237,0.0070,0.01,7682
2026-05-03T17:49:35.655834373+00:00,46,-0.29,-25.34,0.03,85,-3.74,0.80,0.0237,0.0070,0.01,7682
2026-05-03T17:50:48.598727261+00:00,47,-0.29,-25.34,0.03,85,-3.74,0.80,0.0237,0.0070,0.01,7682
2026-05-03T17:52:02.849456083+00:00,48,-0.29,-25.34,0.03,85,-3.74,0.50,0.0237,0.0070,0.01,7682
2026-05-03T17:53:14.255179475+00:00,49,-0.29,-25.34,0.03,85,-3.74,0.50,0.0237,0.0070,0.01,7682
2026-05-03T17:54:26.010105253+00:00,50,-0.29,-25.34,0.03,85,-3.74,0.50,0.0237,0.0070,0.01,7682
2026-05-03T17:55:37.849915825+00:00,51,-0.29,-25.34,0.03,85,-3.74,0.50,0.0237,0.0070,0.01,7682
2026-05-03T17:56:50.068407897+00:00,52,-0.29,-25.34,0.03,85,-3.74,0.50,0.0237,0.0070,0.01,7682
2026-05-03T17:58:02.081570821+00:00,53,-0.29,-25.34,0.03,85,-3.74,0.50,0.0237,0.0070,0.01,7682
2026-05-03T17:59:14.013886120+00:00,54,-0.29,-25.34,0.03,85,-3.74,0.50,0.0237,0.0070,0.01,7682
2026-05-03T18:00:25.960444337+00:00,55,-0.29,-25.34,0.03,85,-3.74,0.50,0.0237,0.0070,0.01,7682
2026-05-03T18:01:37.872452356+00:00,56,-0.29,-25.34,0.03,85,-3.74,0.50,0.0237,0.0070,0.01,7682
2026-05-03T18:02:50.053068961+00:00,57,-0.29,-60.75,0.03,85,-3.74,0.20,0.0234,0.0086,0.01,8547
2026-05-03T18:04:02.316151396+00:00,58,-0.29,-60.75,0.03,85,-3.74,0.25,0.0234,0.0086,0.01,8547
2026-05-03T18:05:13.980838124+00:00,59,-0.29,-60.75,0.03,85,-3.74,0.30,0.0234,0.0086,0.01,8547
2026-05-03T18:06:25.660579239+00:00,60,-0.29,-53.14,0.03,85,-3.71,0.20,0.0208,0.0060,0.01,7090
2026-05-03T18:07:37.205959526+00:00,61,-0.29,-53.14,0.03,85,-3.71,0.25,0.0208,0.0060,0.01,7090
2026-05-03T18:08:48.946540261+00:00,62,-0.29,-53.14,0.03,85,-3.71,0.30,0.0208,0.0060,0.01,7090
2026-05-03T18:10:00.754077391+00:00,63,-0.29,-53.14,0.03,85,-3.71,0.35,0.0208,0.0060,0.01,7090
2026-05-03T18:11:12.547791980+00:00,64,-0.29,-52.62,0.03,86,-3.69,0.20,0.0199,0.0072,0.01,7918
2026-05-03T18:12:24.150481248+00:00,65,-0.29,-52.62,0.03,86,-3.69,0.25,0.0199,0.0072,0.01,7918
2026-05-03T18:13:35.787182325+00:00,66,-0.29,-52.62,0.03,86,-3.69,0.30,0.0199,0.0072,0.01,7918
2026-05-03T18:14:47.550991828+00:00,67,-0.29,-52.62,0.03,86,-3.69,0.35,0.0199,0.0072,0.01,7918
2026-05-03T18:15:59.477915800+00:00,68,-0.29,-56.80,0.03,87,-3.66,0.20,0.0171,0.0071,0.01,8381
2026-05-03T18:17:11.120593044+00:00,69,-0.29,-56.80,0.03,87,-3.66,0.25,0.0171,0.0071,0.01,8381
2026-05-03T18:18:22.978634060+00:00,70,-0.29,-56.80,0.03,87,-3.66,0.30,0.0171,0.0071,0.01,8381
2026-05-03T18:19:34.863027470+00:00,71,-0.29,-56.80,0.03,87,-3.66,0.35,0.0171,0.0071,0.01,8381
2026-05-03T18:20:47.180408198+00:00,72,-0.29,-56.80,0.03,87,-3.66,0.40,0.0171,0.0071,0.01,8381
2026-05-03T18:21:59.594117567+00:00,73,-0.29,-56.80,0.03,87,-3.66,0.45,0.0171,0.0071,0.01,8381
2026-05-03T18:23:11.959192674+00:00,74,-0.29,-56.80,0.03,87,-3.66,0.50,0.0171,0.0071,0.01,8381
2026-05-03T18:24:24.816174306+00:00,75,-0.29,-56.80,0.03,87,-3.66,0.50,0.0171,0.0071,0.01,8381
2026-05-03T18:25:36.850228318+00:00,76,-0.29,-56.80,0.03,87,-3.66,0.50,0.0171,0.0071,0.01,8381
2026-05-03T18:26:48.995294872+00:00,77,-0.29,-56.80,0.03,87,-3.66,0.50,0.0171,0.0071,0.01,8381
2026-05-03T18:28:01.294356694+00:00,78,-0.29,-56.80,0.03,87,-3.66,0.50,0.0171,0.0071,0.01,8381
2026-05-03T18:29:13.658896716+00:00,79,-0.29,-56.80,0.03,87,-3.66,0.80,0.0171,0.0071,0.01,8381
2026-05-03T18:30:26.881538403+00:00,80,-0.29,-56.80,0.03,87,-3.66,0.80,0.0171,0.0071,0.01,8381
2026-05-03T18:31:39.578041585+00:00,81,-0.29,-56.80,0.03,87,-3.66,0.80,0.0171,0.0071,0.01,8381
2026-05-03T18:32:52.531565312+00:00,82,-0.29,-56.80,0.03,87,-3.66,0.80,0.0171,0.0071,0.01,8381
2026-05-03T18:34:05.289104971+00:00,83,-0.29,-56.80,0.03,87,-3.66,0.80,0.0171,0.0071,0.01,8381
2026-05-03T18:35:18.136275942+00:00,84,-0.29,-56.80,0.03,87,-3.66,0.80,0.0171,0.0071,0.01,8381
2026-05-03T18:36:32.590898341+00:00,85,-0.29,-56.80,0.03,87,-3.66,0.50,0.0171,0.0071,0.01,8381
2026-05-03T18:37:44.364139630+00:00,86,-0.29,-56.80,0.03,87,-3.66,0.50,0.0171,0.0071,0.01,8381
2026-05-03T18:38:57.297973500+00:00,87,-0.29,-56.80,0.03,87,-3.66,0.50,0.0171,0.0071,0.01,8381
2026-05-03T18:40:09.180474719+00:00,88,-0.29,-56.80,0.03,87,-3.66,0.50,0.0171,0.0071,0.01,8381
2026-05-03T18:41:22.080901108+00:00,89,-0.29,-56.80,0.03,87,-3.66,0.50,0.0171,0.0071,0.01,8381
2026-05-03T18:42:34.516188101+00:00,90,-0.29,-56.80,0.03,87,-3.66,0.50,0.0171,0.0071,0.01,8381
2026-05-03T18:43:46.528232436+00:00,91,-0.29,-56.80,0.03,87,-3.66,0.50,0.0171,0.0071,0.01,8381
2026-05-03T18:44:58.984652370+00:00,92,-0.29,-56.80,0.03,87,-3.66,0.50,0.0171,0.0071,0.01,8381
2026-05-03T18:46:10.939291193+00:00,93,-0.29,-56.80,0.03,87,-3.66,0.50,0.0171,0.0071,0.01,8381
2026-05-03T18:47:22.910579568+00:00,94,-0.29,-56.80,0.03,87,-3.66,0.50,0.0171,0.0071,0.01,8381
2026-05-03T18:48:35.216272450+00:00,95,-0.29,-56.80,0.03,87,-3.66,0.80,0.0171,0.0071,0.01,8381
2026-05-03T18:49:48.011460387+00:00,96,-0.29,-56.80,0.03,87,-3.66,0.80,0.0171,0.0071,0.01,8381
2026-05-03T18:51:00.627157320+00:00,97,-0.29,-56.80,0.03,87,-3.66,0.80,0.0171,0.0071,0.01,8381
2026-05-03T18:52:13.248273498+00:00,98,-0.29,-56.80,0.03,87,-3.66,0.80,0.0171,0.0071,0.01,8381
2026-05-03T18:53:25.867408299+00:00,99,-0.29,-56.80,0.03,87,-3.66,0.80,0.0171,0.0071,0.01,8381
2026-05-03T18:54:38.709240348+00:00,100,-0.29,-56.80,0.03,87,-3.66,0.80,0.0171,0.0071,0.01,8381
2026-05-03T18:55:54.378290848+00:00,101,-0.29,-56.80,0.03,87,-3.66,0.50,0.0171,0.0071,0.01,8381
2026-05-03T18:57:06.648312429+00:00,102,-0.29,-56.80,0.03,87,-3.66,0.50,0.0171,0.0071,0.01,8381
2026-05-03T18:58:19.364867827+00:00,103,-0.29,-56.80,0.03,87,-3.66,0.50,0.0171,0.0071,0.01,8381
2026-05-03T18:59:31.825915535+00:00,104,-0.29,-56.80,0.03,87,-3.66,0.50,0.0171,0.0071,0.01,8381
2026-05-03T19:00:44.021017173+00:00,105,-0.29,-56.80,0.03,87,-3.66,0.50,0.0171,0.0071,0.01,8381
2026-05-03T19:01:56.191842828+00:00,106,-0.29,-56.80,0.03,87,-3.66,0.50,0.0171,0.0071,0.01,8381
2026-05-03T19:03:08.395587846+00:00,107,-0.29,-56.80,0.03,87,-3.66,0.50,0.0171,0.0071,0.01,8381
2026-05-03T19:04:20.429364509+00:00,108,-0.29,-56.80,0.03,87,-3.66,0.50,0.0171,0.0071,0.01,8381
2026-05-03T19:05:32.659969095+00:00,109,-0.29,-56.80,0.03,87,-3.66,0.50,0.0171,0.0071,0.01,8381
2026-05-03T19:06:44.834897728+00:00,110,-0.29,-56.80,0.03,87,-3.66,0.50,0.0171,0.0071,0.01,8381
2026-05-03T19:07:56.970082598+00:00,111,-0.29,-56.80,0.03,87,-3.66,0.80,0.0171,0.0071,0.01,8381
2026-05-03T19:09:09.887589652+00:00,112,-0.29,-56.80,0.03,87,-3.66,0.80,0.0171,0.0071,0.01,8381
2026-05-03T19:10:22.778967441+00:00,113,-0.29,-56.80,0.03,87,-3.66,0.80,0.0171,0.0071,0.01,8381
2026-05-03T19:11:35.770252145+00:00,114,-0.29,-56.80,0.03,87,-3.66,0.80,0.0171,0.0071,0.01,8381
2026-05-03T19:12:48.510144525+00:00,115,-0.29,-56.80,0.03,87,-3.66,0.80,0.0171,0.0071,0.01,8381
2026-05-03T19:14:01.426343923+00:00,116,-0.29,-56.80,0.03,87,-3.66,0.80,0.0171,0.0071,0.01,8381
2026-05-03T19:15:15.797747687+00:00,117,-0.29,-56.80,0.03,87,-3.66,0.50,0.0171,0.0071,0.01,8381
2026-05-03T19:16:27.671037979+00:00,118,-0.29,-56.80,0.03,87,-3.66,0.50,0.0171,0.0071,0.01,8381
2026-05-03T19:17:39.269941110+00:00,119,-0.29,-56.80,0.03,87,-3.66,0.50,0.0171,0.0071,0.01,8381
2026-05-03T19:18:51.176097442+00:00,120,-0.29,-56.80,0.03,87,-3.66,0.50,0.0171,0.0071,0.01,8381
2026-05-03T19:20:03.061638419+00:00,121,-0.29,-56.80,0.03,87,-3.66,0.50,0.0171,0.0071,0.01,8381
2026-05-03T19:21:14.430774180+00:00,122,-0.29,-56.80,0.03,87,-3.66,0.50,0.0171,0.0071,0.01,8381
2026-05-03T19:22:26.383373937+00:00,123,-0.29,-56.80,0.03,87,-3.66,0.50,0.0171,0.0071,0.01,8381
2026-05-03T19:23:38.303449074+00:00,124,-0.29,-56.80,0.03,87,-3.66,0.50,0.0171,0.0071,0.01,8381
2026-05-03T19:24:51.586909636+00:00,125,-0.29,-56.80,0.03,87,-3.66,0.50,0.0171,0.0071,0.01,8381
2026-05-03T19:26:03.769372448+00:00,126,-0.29,-56.80,0.03,87,-3.66,0.50,0.0171,0.0071,0.01,8381
2026-05-03T19:27:15.742538289+00:00,127,-0.29,-56.80,0.03,87,-3.66,0.80,0.0171,0.0071,0.01,8381
2026-05-03T19:28:28.389015834+00:00,128,-0.29,-56.80,0.03,87,-3.66,0.80,0.0171,0.0071,0.01,8381
2026-05-03T19:29:40.790682552+00:00,129,-0.29,-56.80,0.03,87,-3.66,0.80,0.0171,0.0071,0.01,8381
2026-05-03T19:30:53.371973524+00:00,130,-0.29,-56.80,0.03,87,-3.66,0.80,0.0171,0.0071,0.01,8381
2026-05-03T19:32:05.788225458+00:00,131,-0.29,-56.80,0.03,87,-3.66,0.80,0.0171,0.0071,0.01,8381
2026-05-03T19:33:18.279187555+00:00,132,-0.29,-56.80,0.03,87,-3.66,0.80,0.0171,0.0071,0.01,8381
2026-05-03T19:34:32.298933978+00:00,133,-0.29,-56.80,0.03,87,-3.66,0.50,0.0171,0.0071,0.01,8381
2026-05-03T19:35:44.258021769+00:00,134,-0.29,-56.80,0.03,87,-3.66,0.50,0.0171,0.0071,0.01,8381
2026-05-03T19:36:56.243778333+00:00,135,-0.29,-56.80,0.03,87,-3.66,0.50,0.0171,0.0071,0.01,8381
2026-05-03T19:38:08.225378514+00:00,136,-0.29,-56.80,0.03,87,-3.66,0.50,0.0171,0.0071,0.01,8381
2026-05-03T19:39:20.381037964+00:00,137,-0.29,-56.80,0.03,87,-3.66,0.50,0.0171,0.0071,0.01,8381
2026-05-03T19:40:33.009982547+00:00,138,-0.29,-56.80,0.03,87,-3.66,0.50,0.0171,0.0071,0.01,8381
2026-05-03T19:41:45.595547268+00:00,139,-0.29,-56.80,0.03,87,-3.66,0.50,0.0171,0.0071,0.01,8381
2026-05-03T19:42:57.483860795+00:00,140,-0.29,-56.80,0.03,87,-3.66,0.50,0.0171,0.0071,0.01,8381
2026-05-03T19:44:09.399718530+00:00,141,-0.29,-56.80,0.03,87,-3.66,0.50,0.0171,0.0071,0.01,8381
2026-05-03T19:45:21.422734644+00:00,142,-0.29,-56.80,0.03,87,-3.66,0.50,0.0171,0.0071,0.01,8381
2026-05-03T19:46:33.332748868+00:00,143,-0.29,-56.80,0.03,87,-3.66,0.80,0.0171,0.0071,0.01,8381
2026-05-03T19:47:45.853298539+00:00,144,-0.29,-56.80,0.03,87,-3.66,0.80,0.0171,0.0071,0.01,8381
2026-05-03T19:48:58.278281209+00:00,145,-0.29,-56.80,0.03,87,-3.66,0.80,0.0171,0.0071,0.01,8381
2026-05-03T19:50:10.715159334+00:00,146,-0.29,-56.80,0.03,87,-3.66,0.80,0.0171,0.0071,0.01,8381
2026-05-03T19:51:23.273133443+00:00,147,-0.29,-56.80,0.03,87,-3.66,0.80,0.0171,0.0071,0.01,8381
2026-05-03T19:52:35.695758155+00:00,148,-0.29,-56.80,0.03,87,-3.66,0.80,0.0171,0.0071,0.01,8381
2026-05-03T19:53:50.003777257+00:00,149,-0.29,-56.80,0.03,87,-3.66,0.50,0.0171,0.0071,0.01,8381
2026-05-03T19:55:01.670915171+00:00,150,-0.29,-56.80,0.03,87,-3.66,0.50,0.0171,0.0071,0.01,8381
2026-05-03T19:56:13.434517458+00:00,151,-0.29,-56.80,0.03,87,-3.66,0.50,0.0171,0.0071,0.01,8381
2026-05-03T19:57:25.039409804+00:00,152,-0.29,-56.80,0.03,87,-3.66,0.50,0.0171,0.0071,0.01,8381
2026-05-03T19:58:36.712411103+00:00,153,-0.29,-56.80,0.03,87,-3.66,0.50,0.0171,0.0071,0.01,8381
2026-05-03T19:59:48.461059279+00:00,154,-0.29,-56.80,0.03,87,-3.66,0.50,0.0171,0.0071,0.01,8381
2026-05-03T20:01:00.192810403+00:00,155,-0.29,-56.80,0.03,87,-3.66,0.50,0.0171,0.0071,0.01,8381
2026-05-03T20:02:12.198401284+00:00,156,-0.29,-56.80,0.03,87,-3.66,0.50,0.0171,0.0071,0.01,8381
2026-05-03T20:03:24.047849747+00:00,157,-0.29,-56.80,0.03,87,-3.66,0.50,0.0171,0.0071,0.01,8381
2026-05-03T20:04:35.756569434+00:00,158,-0.29,-56.80,0.03,87,-3.66,0.50,0.0171,0.0071,0.01,8381
2026-05-03T20:05:47.497347101+00:00,159,-0.29,-56.80,0.03,87,-3.66,0.80,0.0171,0.0071,0.01,8381
2026-05-03T20:06:59.869192289+00:00,160,-0.29,-56.80,0.03,87,-3.66,0.80,0.0171,0.0071,0.01,8381
2026-05-03T20:08:12.454637556+00:00,161,-0.29,-56.80,0.03,87,-3.66,0.80,0.0171,0.0071,0.01,8381
2026-05-03T20:09:24.884370155+00:00,162,-0.29,-56.80,0.03,87,-3.66,0.80,0.0171,0.0071,0.01,8381
2026-05-03T20:10:37.351121642+00:00,163,-0.29,-56.80,0.03,87,-3.66,0.80,0.0171,0.0071,0.01,8381
2026-05-03T20:11:49.752704904+00:00,164,-0.29,-56.80,0.03,87,-3.66,0.80,0.0171,0.0071,0.01,8381
2026-05-03T20:13:04.003695813+00:00,165,-0.29,-56.80,0.03,87,-3.66,0.50,0.0171,0.0071,0.01,8381
2026-05-03T20:14:15.924548974+00:00,166,-0.29,-56.80,0.03,87,-3.66,0.50,0.0171,0.0071,0.01,8381
2026-05-03T20:15:27.900475541+00:00,167,-0.29,-56.80,0.03,87,-3.66,0.50,0.0171,0.0071,0.01,8381
2026-05-03T20:16:41.327823346+00:00,168,-0.29,-56.80,0.03,87,-3.66,0.50,0.0171,0.0071,0.01,8381
2026-05-03T20:17:56.211791628+00:00,169,-0.29,-56.80,0.03,87,-3.66,0.50,0.0171,0.0071,0.01,8381
2026-05-03T20:19:14.849586927+00:00,170,-0.29,-56.80,0.03,87,-3.66,0.50,0.0171,0.0071,0.01,8381
2026-05-03T20:20:33.548691855+00:00,171,-0.29,-56.80,0.03,87,-3.66,0.50,0.0171,0.0071,0.01,8381
2026-05-03T20:21:52.236573061+00:00,172,-0.29,-56.80,0.03,87,-3.66,0.50,0.0171,0.0071,0.01,8381
2026-05-03T20:23:11.992469878+00:00,173,-0.29,-56.80,0.03,87,-3.66,0.50,0.0171,0.0071,0.01,8381
2026-05-03T20:24:29.938860945+00:00,174,-0.29,-56.80,0.03,87,-3.66,0.50,0.0171,0.0071,0.01,8381
2026-05-03T20:25:43.741655478+00:00,175,-0.29,-56.80,0.03,87,-3.66,0.80,0.0171,0.0071,0.01,8381
2026-05-03T20:26:58.258201186+00:00,176,-0.29,-56.80,0.03,87,-3.66,0.80,0.0171,0.0071,0.01,8381
2026-05-03T20:28:13.922058014+00:00,177,-0.29,-56.80,0.03,87,-3.66,0.80,0.0171,0.0071,0.01,8381
2026-05-03T20:29:29.466583239+00:00,178,-0.29,-56.80,0.03,87,-3.66,0.80,0.0171,0.0071,0.01,8381
2026-05-03T20:30:44.382826439+00:00,179,-0.29,-56.80,0.03,87,-3.66,0.80,0.0171,0.0071,0.01,8381
2026-05-03T20:31:59.903893946+00:00,180,-0.29,-56.80,0.03,87,-3.66,0.80,0.0171,0.0071,0.01,8381
2026-05-03T20:33:16.896843335+00:00,181,-0.29,-56.80,0.03,87,-3.66,0.50,0.0171,0.0071,0.01,8381
2026-05-03T20:34:30.930210748+00:00,182,-0.29,-56.80,0.03,87,-3.66,0.50,0.0171,0.0071,0.01,8381
2026-05-03T20:35:44.611302644+00:00,183,-0.29,-56.80,0.03,87,-3.66,0.50,0.0171,0.0071,0.01,8381
2026-05-03T20:36:58.538287329+00:00,184,-0.29,-56.80,0.03,87,-3.66,0.50,0.0171,0.0071,0.01,8381
2026-05-03T20:38:12.310441856+00:00,185,-0.29,-56.80,0.03,87,-3.66,0.50,0.0171,0.0071,0.01,8381
2026-05-03T20:39:24.981720777+00:00,186,-0.29,-56.80,0.03,87,-3.66,0.50,0.0171,0.0071,0.01,8381
2026-05-03T20:40:37.670060611+00:00,187,-0.23,-50.05,0.02,68,-3.62,0.20,0.0187,0.0056,0.01,8292
2026-05-03T20:41:48.975648113+00:00,188,-0.23,-50.05,0.02,68,-3.62,0.25,0.0187,0.0056,0.01,8292
2026-05-03T20:43:00.691931163+00:00,189,-0.23,-59.64,0.02,68,-3.60,0.20,0.0179,0.0047,0.01,8157
2026-05-03T20:44:12.261648633+00:00,190,-0.23,-58.89,0.02,68,-3.60,0.20,0.0174,0.0051,0.01,7776
2026-05-03T20:45:24.090686687+00:00,191,-0.23,-60.63,0.02,68,-3.60,0.20,0.0179,0.0047,0.01,8157
2026-05-03T20:46:39.052840854+00:00,192,-0.23,-61.09,0.02,68,-3.59,0.20,0.0171,0.0061,0.01,8456
2026-05-03T20:47:52.172259114+00:00,193,-0.23,-58.60,0.02,68,-3.58,0.20,0.0165,0.0054,0.01,8488
2026-05-03T20:49:05.133664868+00:00,194,-0.23,-58.60,0.02,68,-3.58,0.25,0.0165,0.0054,0.01,8488
2026-05-03T20:50:17.957275675+00:00,195,-0.23,-58.60,0.02,68,-3.58,0.30,0.0165,0.0054,0.01,8488
2026-05-03T20:51:30.137179586+00:00,196,-0.23,-58.60,0.02,68,-3.58,0.35,0.0165,0.0054,0.01,8488
2026-05-03T20:52:42.930802916+00:00,197,-0.23,-58.60,0.02,68,-3.58,0.40,0.0165,0.0054,0.01,8488
2026-05-03T20:53:55.300007477+00:00,198,-0.23,-58.60,0.02,68,-3.58,0.45,0.0165,0.0054,0.01,8488
2026-05-03T20:55:07.902393041+00:00,199,-0.23,-58.60,0.02,68,-3.58,0.50,0.0165,0.0054,0.01,8488
2026-05-03T20:56:22.036695382+00:00,200,-0.23,-58.60,0.02,68,-3.58,0.50,0.0165,0.0054,0.01,8488
2026-05-04T05:22:00.854708216+00:00,1,-0.23,-58.60,0.02,68,-3.58,0.25,0.0165,0.0054,0.01,8488
2026-05-04T05:23:18.873897515+00:00,2,-0.23,-58.60,0.02,68,-3.58,0.30,0.0165,0.0054,0.01,8488
2026-05-04T05:24:36.244274400+00:00,3,-0.23,-58.60,0.02,68,-3.58,0.35,0.0165,0.0054,0.01,8488
2026-05-04T05:25:56.160398338+00:00,4,-0.23,-58.60,0.02,68,-3.58,0.40,0.0165,0.0054,0.01,8488
2026-05-04T05:27:15.920834521+00:00,5,-0.23,-58.60,0.02,68,-3.58,0.45,0.0165,0.0054,0.01,8488
2026-05-04T05:28:33.944683131+00:00,6,-0.23,-58.60,0.02,68,-3.58,0.50,0.0165,0.0054,0.01,8488
2026-05-04T05:29:51.187432451+00:00,7,-0.23,-58.60,0.02,68,-3.58,0.50,0.0165,0.0054,0.01,8488
2026-05-04T05:31:08.532894354+00:00,8,-0.23,-58.60,0.02,68,-3.58,0.50,0.0165,0.0054,0.01,8488
2026-05-04T05:32:24.486283415+00:00,9,-0.23,-58.60,0.02,68,-3.58,0.50,0.0165,0.0054,0.01,8488
2026-05-04T05:33:40.956480829+00:00,10,-0.23,-58.60,0.02,68,-3.58,0.50,0.0165,0.0054,0.01,8488
2026-05-04T05:34:57.092590762+00:00,11,-0.23,-58.60,0.02,68,-3.58,0.80,0.0165,0.0054,0.01,8488
2026-05-04T05:36:13.895520212+00:00,12,-0.23,-58.60,0.02,68,-3.58,0.80,0.0165,0.0054,0.01,8488
2026-05-04T05:37:30.169108728+00:00,13,-0.23,-58.60,0.02,68,-3.58,0.80,0.0165,0.0054,0.01,8488
2026-05-04T05:38:47.787162001+00:00,14,-0.23,-58.60,0.02,68,-3.58,0.80,0.0165,0.0054,0.01,8488
2026-05-04T05:40:05.230451595+00:00,15,-0.23,-58.60,0.02,68,-3.58,0.80,0.0165,0.0054,0.01,8488
2026-05-04T05:41:21.860573768+00:00,16,-0.23,-58.60,0.02,68,-3.58,0.80,0.0165,0.0054,0.01,8488
2026-05-04T05:42:42.087469960+00:00,17,-0.23,-58.60,0.02,68,-3.58,0.50,0.0165,0.0054,0.01,8488
2026-05-04T05:43:59.242973620+00:00,18,-0.23,-58.60,0.02,68,-3.58,0.50,0.0165,0.0054,0.01,8488
2026-05-04T05:45:16.961229040+00:00,19,-0.23,-58.60,0.02,68,-3.58,0.50,0.0165,0.0054,0.01,8488
2026-05-04T05:46:34.963466620+00:00,20,-0.23,-58.60,0.02,68,-3.58,0.50,0.0165,0.0054,0.01,8488
2026-05-04T05:47:52.012787999+00:00,21,-0.23,-58.60,0.02,68,-3.58,0.50,0.0165,0.0054,0.01,8488
2026-05-04T05:49:08.690477136+00:00,22,-0.23,-58.60,0.02,68,-3.58,0.50,0.0165,0.0054,0.01,8488
2026-05-04T05:50:25.408927552+00:00,23,-0.23,-58.60,0.02,68,-3.58,0.50,0.0165,0.0054,0.01,8488
2026-05-04T05:51:42.668339523+00:00,24,-0.23,-58.60,0.02,68,-3.58,0.50,0.0165,0.0054,0.01,8488
2026-05-04T05:52:59.381929153+00:00,25,-0.23,-58.60,0.02,68,-3.58,0.50,0.0165,0.0054,0.01,8488
2026-05-04T05:54:12.529164966+00:00,26,-0.23,-58.60,0.02,68,-3.58,0.50,0.0165,0.0054,0.01,8488
2026-05-04T05:55:27.619120924+00:00,27,-0.23,-58.60,0.02,68,-3.58,0.80,0.0165,0.0054,0.01,8488
2026-05-04T05:56:40.334804295+00:00,28,-0.23,-58.60,0.02,68,-3.58,0.80,0.0165,0.0054,0.01,8488
2026-05-04T05:57:53.535947673+00:00,29,-0.23,-58.60,0.02,68,-3.58,0.80,0.0165,0.0054,0.01,8488
2026-05-04T05:59:07.113956074+00:00,30,-0.23,-58.60,0.02,68,-3.58,0.80,0.0165,0.0054,0.01,8488
2026-05-04T06:00:19.879998696+00:00,31,-0.23,-58.60,0.02,68,-3.58,0.80,0.0165,0.0054,0.01,8488
2026-05-04T06:01:33.130766735+00:00,32,-0.23,-58.60,0.02,68,-3.58,0.80,0.0165,0.0054,0.01,8488
2026-05-04T06:02:51.895519693+00:00,33,-0.23,-58.60,0.02,68,-3.58,0.50,0.0165,0.0054,0.01,8488
2026-05-04T06:04:04.124718184+00:00,34,-0.23,-58.60,0.02,68,-3.58,0.50,0.0165,0.0054,0.01,8488
2026-05-04T06:05:15.862843763+00:00,35,-0.23,-58.60,0.02,68,-3.58,0.50,0.0165,0.0054,0.01,8488
2026-05-04T06:06:27.688467679+00:00,36,-0.23,-58.60,0.02,68,-3.58,0.50,0.0165,0.0054,0.01,8488
2026-05-04T06:07:40.525733982+00:00,37,-0.23,-58.60,0.02,68,-3.58,0.50,0.0165,0.0054,0.01,8488
2026-05-04T06:08:52.860726474+00:00,38,-0.23,-58.60,0.02,68,-3.58,0.50,0.0165,0.0054,0.01,8488
2026-05-04T06:10:03.637673300+00:00,39,-0.23,-58.60,0.02,68,-3.58,0.50,0.0165,0.0054,0.01,8488
2026-05-04T06:11:15.670061287+00:00,40,-0.23,-58.60,0.02,68,-3.58,0.50,0.0165,0.0054,0.01,8488
2026-05-04T06:12:28.930640781+00:00,41,-0.23,-58.60,0.02,68,-3.58,0.50,0.0165,0.0054,0.01,8488
2026-05-04T06:13:43.024095571+00:00,42,-0.23,-58.60,0.02,68,-3.58,0.50,0.0165,0.0054,0.01,8488
2026-05-04T06:14:57.268059081+00:00,43,-0.23,-58.60,0.02,68,-3.58,0.80,0.0165,0.0054,0.01,8488
2026-05-04T06:16:11.751244623+00:00,44,-0.23,-58.60,0.02,68,-3.58,0.80,0.0165,0.0054,0.01,8488
2026-05-04T06:17:25.427244248+00:00,45,-0.23,-58.60,0.02,68,-3.58,0.80,0.0165,0.0054,0.01,8488
2026-05-04T06:18:39.011305684+00:00,46,-0.23,-58.60,0.02,68,-3.58,0.80,0.0165,0.0054,0.01,8488
2026-05-04T06:19:53.093087414+00:00,47,-0.23,-58.60,0.02,68,-3.58,0.80,0.0165,0.0054,0.01,8488
2026-05-04T06:21:06.863191115+00:00,48,-0.23,-58.60,0.02,68,-3.58,0.80,0.0165,0.0054,0.01,8488
2026-05-04T06:22:22.773242410+00:00,49,-0.23,-58.60,0.02,68,-3.58,0.50,0.0165,0.0054,0.01,8488
2026-05-04T06:23:35.746433710+00:00,50,-0.23,-58.60,0.02,68,-3.58,0.50,0.0165,0.0054,0.01,8488
2026-05-04T06:24:48.653169092+00:00,51,-0.23,-58.60,0.02,68,-3.58,0.50,0.0165,0.0054,0.01,8488
2026-05-04T06:26:01.148518632+00:00,52,-0.23,-58.60,0.02,68,-3.58,0.50,0.0165,0.0054,0.01,8488
2026-05-04T06:27:13.949302055+00:00,53,-0.23,-58.60,0.02,68,-3.58,0.50,0.0165,0.0054,0.01,8488
2026-05-04T06:28:25.622354769+00:00,54,-0.23,-58.60,0.02,68,-3.58,0.50,0.0165,0.0054,0.01,8488
2026-05-04T06:29:38.694652965+00:00,55,-0.23,-58.60,0.02,68,-3.58,0.50,0.0165,0.0054,0.01,8488
2026-05-04T06:30:50.757097796+00:00,56,-0.23,-58.60,0.02,68,-3.58,0.50,0.0165,0.0054,0.01,8488
2026-05-04T06:32:04.420008502+00:00,57,-0.23,-58.60,0.02,68,-3.58,0.50,0.0165,0.0054,0.01,8488
2026-05-04T06:33:18.482558215+00:00,58,-0.23,-57.80,0.02,69,-3.57,0.20,0.0163,0.0076,0.01,7659
2026-05-04T06:34:33.637382573+00:00,59,-0.23,-57.80,0.02,69,-3.57,0.25,0.0163,0.0076,0.01,7659
2026-05-04T06:35:47.122466228+00:00,60,-0.23,-57.80,0.02,69,-3.57,0.30,0.0163,0.0076,0.01,7659
2026-05-04T06:36:59.732878034+00:00,61,-0.23,-57.80,0.02,69,-3.57,0.35,0.0163,0.0076,0.01,7659
2026-05-04T06:38:13.067143666+00:00,62,-0.23,-57.80,0.02,69,-3.57,0.40,0.0163,0.0076,0.01,7659
2026-05-04T06:39:26.260301145+00:00,63,-0.23,-57.80,0.02,69,-3.57,0.45,0.0163,0.0076,0.01,7659
2026-05-04T06:40:39.295025117+00:00,64,-0.23,-57.80,0.02,69,-3.57,0.50,0.0163,0.0076,0.01,7659
2026-05-04T06:41:53.310798812+00:00,65,-0.23,-57.80,0.02,69,-3.57,0.50,0.0163,0.0076,0.01,7659
2026-05-04T06:43:06.932084427+00:00,66,-0.23,-57.80,0.02,69,-3.57,0.50,0.0163,0.0076,0.01,7659
2026-05-04T06:44:20.991962567+00:00,67,-0.23,-57.80,0.02,69,-3.57,0.50,0.0163,0.0076,0.01,7659
2026-05-04T06:45:34.101695655+00:00,68,-0.23,-57.80,0.02,69,-3.57,0.50,0.0163,0.0076,0.01,7659
2026-05-04T06:46:47.510723646+00:00,69,-0.23,-57.80,0.02,69,-3.57,0.80,0.0163,0.0076,0.01,7659
2026-05-04T06:48:00.244398649+00:00,70,-0.23,-57.80,0.02,69,-3.57,0.80,0.0163,0.0076,0.01,7659
2026-05-04T06:49:13.028268832+00:00,71,-0.23,-57.80,0.02,69,-3.57,0.80,0.0163,0.0076,0.01,7659
2026-05-04T06:50:26.881276917+00:00,72,-0.23,-57.80,0.02,69,-3.57,0.80,0.0163,0.0076,0.01,7659
2026-05-04T06:51:39.218102814+00:00,73,-0.23,-57.80,0.02,69,-3.57,0.80,0.0163,0.0076,0.01,7659
2026-05-04T06:52:51.167041150+00:00,74,-0.23,-57.80,0.02,69,-3.57,0.80,0.0163,0.0076,0.01,7659
2026-05-04T06:54:06.197635835+00:00,75,-0.23,-57.80,0.02,69,-3.57,0.50,0.0163,0.0076,0.01,7659
2026-05-04T06:55:18.163374919+00:00,76,-0.23,-57.80,0.02,69,-3.57,0.50,0.0163,0.0076,0.01,7659
2026-05-04T06:56:30.403470013+00:00,77,-0.23,-57.80,0.02,69,-3.57,0.50,0.0163,0.0076,0.01,7659
2026-05-04T06:57:42.706336088+00:00,78,-0.23,-57.80,0.02,69,-3.57,0.50,0.0163,0.0076,0.01,7659
2026-05-04T06:58:54.376861277+00:00,79,-0.23,-57.80,0.02,69,-3.57,0.50,0.0163,0.0076,0.01,7659
2026-05-04T07:00:05.933871309+00:00,80,-0.23,-57.80,0.02,69,-3.57,0.50,0.0163,0.0076,0.01,7659
2026-05-04T07:01:17.412785761+00:00,81,-0.23,-57.80,0.02,69,-3.57,0.50,0.0163,0.0076,0.01,7659
2026-05-04T07:02:28.819835807+00:00,82,-0.23,-57.80,0.02,69,-3.57,0.50,0.0163,0.0076,0.01,7659
2026-05-04T07:03:40.608951781+00:00,83,-0.23,-57.80,0.02,69,-3.57,0.50,0.0163,0.0076,0.01,7659
2026-05-04T07:04:51.715879310+00:00,84,-0.23,-57.80,0.02,69,-3.57,0.50,0.0163,0.0076,0.01,7659
2026-05-04T07:06:07.095120799+00:00,85,-0.23,-57.80,0.02,69,-3.57,0.80,0.0163,0.0076,0.01,7659
2026-05-04T07:07:25.355324059+00:00,86,-0.23,-57.80,0.02,69,-3.57,0.80,0.0163,0.0076,0.01,7659
2026-05-04T07:08:43.822543643+00:00,87,-0.23,-57.80,0.02,69,-3.57,0.80,0.0163,0.0076,0.01,7659
2026-05-04T07:10:02.660225672+00:00,88,-0.23,-57.80,0.02,69,-3.57,0.80,0.0163,0.0076,0.01,7659
2026-05-04T07:11:21.376839840+00:00,89,-0.23,-57.80,0.02,69,-3.57,0.80,0.0163,0.0076,0.01,7659
2026-05-04T07:12:39.827459826+00:00,90,-0.23,-57.80,0.02,69,-3.57,0.80,0.0163,0.0076,0.01,7659
2026-05-04T07:14:00.533209946+00:00,91,-0.23,-57.80,0.02,69,-3.57,0.50,0.0163,0.0076,0.01,7659
2026-05-04T07:15:18.581154219+00:00,92,-0.23,-57.80,0.02,69,-3.57,0.50,0.0163,0.0076,0.01,7659
2026-05-04T07:16:36.523029074+00:00,93,-0.23,-57.80,0.02,69,-3.57,0.50,0.0163,0.0076,0.01,7659
2026-05-04T07:17:54.133574146+00:00,94,-0.23,-57.80,0.02,69,-3.57,0.50,0.0163,0.0076,0.01,7659
2026-05-04T07:19:11.780896373+00:00,95,-0.23,-57.80,0.02,69,-3.57,0.50,0.0163,0.0076,0.01,7659
2026-05-04T07:20:29.536297523+00:00,96,-0.23,-57.80,0.02,69,-3.57,0.50,0.0163,0.0076,0.01,7659
2026-05-04T07:21:47.343288928+00:00,97,-0.23,-57.80,0.02,69,-3.57,0.50,0.0163,0.0076,0.01,7659
2026-05-04T07:23:04.997075083+00:00,98,-0.23,-57.80,0.02,69,-3.57,0.50,0.0163,0.0076,0.01,7659
2026-05-04T07:24:22.796150173+00:00,99,-0.23,-57.80,0.02,69,-3.57,0.50,0.0163,0.0076,0.01,7659
2026-05-04T07:25:40.795364115+00:00,100,-0.23,-57.80,0.02,69,-3.57,0.50,0.0163,0.0076,0.01,7659
2026-05-04T07:26:58.702519020+00:00,101,-0.23,-57.80,0.02,69,-3.57,0.80,0.0163,0.0076,0.01,7659
2026-05-04T07:28:17.478223895+00:00,102,-0.23,-57.80,0.02,69,-3.57,0.80,0.0163,0.0076,0.01,7659
2026-05-04T07:29:35.780423659+00:00,103,-0.23,-57.80,0.02,69,-3.57,0.80,0.0163,0.0076,0.01,7659
2026-05-04T07:30:53.736877043+00:00,104,-0.23,-57.80,0.02,69,-3.57,0.80,0.0163,0.0076,0.01,7659
2026-05-04T07:32:11.885975143+00:00,105,-0.23,-57.80,0.02,69,-3.57,0.80,0.0163,0.0076,0.01,7659
2026-05-04T07:33:29.915673119+00:00,106,-0.23,-57.80,0.02,69,-3.57,0.80,0.0163,0.0076,0.01,7659
2026-05-04T07:34:49.750236292+00:00,107,-0.23,-57.80,0.02,69,-3.57,0.50,0.0163,0.0076,0.01,7659
2026-05-04T07:36:10.784612214+00:00,108,-0.23,-57.80,0.02,69,-3.57,0.50,0.0163,0.0076,0.01,7659
2026-05-04T07:37:28.768454284+00:00,109,-0.23,-57.80,0.02,69,-3.57,0.50,0.0163,0.0076,0.01,7659
2026-05-04T07:38:48.258081343+00:00,110,-0.19,-54.82,0.02,55,-3.57,0.20,0.0165,0.0084,0.01,7584
2026-05-04T07:40:04.690900541+00:00,111,-0.19,-54.82,0.02,55,-3.57,0.25,0.0165,0.0084,0.01,7584
2026-05-04T07:41:20.799826918+00:00,112,-0.19,-54.82,0.02,55,-3.57,0.30,0.0165,0.0084,0.01,7584
2026-05-04T07:42:37.266508208+00:00,113,-0.19,-54.82,0.02,55,-3.57,0.35,0.0165,0.0084,0.01,7584
2026-05-04T07:43:53.686101524+00:00,114,-0.19,-54.82,0.02,55,-3.57,0.40,0.0165,0.0084,0.01,7584
2026-05-04T07:45:10.357085513+00:00,115,-0.19,-54.82,0.02,55,-3.57,0.45,0.0165,0.0084,0.01,7584
2026-05-04T07:46:27.034946072+00:00,116,-0.19,-54.82,0.02,55,-3.57,0.50,0.0165,0.0084,0.01,7584
2026-05-04T07:47:43.780846749+00:00,117,-0.19,-54.82,0.02,55,-3.57,0.50,0.0165,0.0084,0.01,7584
2026-05-04T07:49:00.366484312+00:00,118,-0.19,-56.77,0.02,55,-3.56,0.20,0.0140,0.0076,0.01,8345
2026-05-04T07:50:16.829769367+00:00,119,-0.19,-56.77,0.02,55,-3.56,0.25,0.0140,0.0076,0.01,8345
2026-05-04T07:51:32.939409074+00:00,120,-0.19,-52.64,0.02,56,-3.54,0.20,0.0153,0.0076,0.01,7659
2026-05-04T07:52:48.980229840+00:00,121,-0.19,-52.64,0.02,56,-3.54,0.25,0.0153,0.0076,0.01,7659
2026-05-04T07:54:04.945426602+00:00,122,-0.19,-52.64,0.02,56,-3.54,0.30,0.0153,0.0076,0.01,7659
2026-05-04T07:55:21.039210004+00:00,123,-0.19,-52.64,0.02,56,-3.54,0.35,0.0153,0.0076,0.01,7659
2026-05-04T07:56:37.255580577+00:00,124,-0.19,-58.81,0.02,56,-3.52,0.20,0.0141,0.0076,0.01,8107
2026-05-04T07:57:53.036843206+00:00,125,-0.19,-58.81,0.02,56,-3.52,0.25,0.0141,0.0076,0.01,8107
2026-05-04T07:59:09.756916697+00:00,126,-0.19,-58.81,0.02,56,-3.52,0.30,0.0141,0.0076,0.01,8107
2026-05-04T08:00:25.982943670+00:00,127,-0.19,-58.81,0.02,56,-3.52,0.35,0.0141,0.0076,0.01,8107
2026-05-04T08:01:41.958794220+00:00,128,-0.19,-58.81,0.02,56,-3.52,0.40,0.0141,0.0076,0.01,8107
2026-05-04T08:02:57.962619478+00:00,129,-0.19,-58.81,0.02,56,-3.52,0.45,0.0141,0.0076,0.01,8107
2026-05-04T08:04:14.080542909+00:00,130,-0.19,-58.81,0.02,56,-3.52,0.50,0.0141,0.0076,0.01,8107
2026-05-04T08:05:30.388142403+00:00,131,-0.19,-58.81,0.02,56,-3.52,0.50,0.0141,0.0076,0.01,8107
2026-05-04T08:06:46.680348245+00:00,132,-0.19,-61.81,0.02,56,-3.52,0.20,0.0170,0.0071,0.01,7372
2026-05-04T08:08:02.576427816+00:00,133,-0.19,-62.68,0.02,56,-3.51,0.20,0.0144,0.0088,0.01,7999
2026-05-04T08:09:18.066594638+00:00,134,-0.19,-62.68,0.02,56,-3.51,0.25,0.0144,0.0088,0.01,7999
2026-05-04T08:10:34.031836671+00:00,135,-0.19,-62.68,0.02,56,-3.51,0.30,0.0144,0.0088,0.01,7999
2026-05-04T08:11:50.033407253+00:00,136,-0.19,-62.68,0.02,56,-3.51,0.35,0.0144,0.0088,0.01,7999
2026-05-04T08:13:06.163647568+00:00,137,-0.19,-62.07,0.02,56,-3.51,0.20,0.0148,0.0085,0.01,8072
2026-05-04T08:14:21.857304031+00:00,138,-0.19,-62.07,0.02,56,-3.51,0.25,0.0148,0.0085,0.01,8072
2026-05-04T08:15:37.800080337+00:00,139,-0.19,-62.07,0.02,56,-3.51,0.30,0.0148,0.0085,0.01,8072
2026-05-04T08:16:53.653300172+00:00,140,-0.19,-62.07,0.02,56,-3.51,0.35,0.0148,0.0085,0.01,8072
2026-05-04T08:18:09.570743112+00:00,141,-0.19,-62.07,0.02,56,-3.51,0.40,0.0148,0.0085,0.01,8072
2026-05-04T08:19:25.703337899+00:00,142,-0.19,-62.07,0.02,56,-3.51,0.45,0.0148,0.0085,0.01,8072
2026-05-04T08:20:42.153345755+00:00,143,-0.19,-62.07,0.02,56,-3.51,0.50,0.0148,0.0085,0.01,8072
2026-05-04T08:21:58.480720111+00:00,144,-0.19,-62.07,0.02,56,-3.51,0.50,0.0148,0.0085,0.01,8072
2026-05-04T08:23:14.802827894+00:00,145,-0.19,-63.02,0.02,56,-3.51,0.20,0.0159,0.0080,0.01,8016
2026-05-04T08:24:30.374964021+00:00,146,-0.19,-63.02,0.02,56,-3.51,0.25,0.0159,0.0080,0.01,8016
2026-05-04T08:25:46.346902386+00:00,147,-0.19,-60.67,0.02,56,-3.51,0.20,0.0135,0.0088,0.01,7999
2026-05-04T08:27:02.160095548+00:00,148,-0.19,-60.67,0.02,56,-3.51,0.25,0.0135,0.0088,0.01,7999
2026-05-04T08:28:18.028446301+00:00,149,-0.19,-61.25,0.02,56,-3.51,0.20,0.0141,0.0088,0.01,8079
2026-05-04T08:29:33.820408577+00:00,150,-0.19,-61.25,0.02,56,-3.51,0.25,0.0141,0.0088,0.01,8079
2026-05-04T08:30:49.705185366+00:00,151,-0.19,-61.25,0.02,56,-3.51,0.30,0.0141,0.0088,0.01,8079
2026-05-04T08:32:05.568321755+00:00,152,-0.19,-59.17,0.02,56,-3.50,0.20,0.0147,0.0089,0.01,7741
2026-05-04T08:33:21.200930745+00:00,153,-0.19,-59.17,0.02,56,-3.50,0.25,0.0147,0.0089,0.01,7741
2026-05-04T08:34:37.018721402+00:00,154,-0.19,-59.17,0.02,56,-3.50,0.30,0.0147,0.0089,0.01,7741
2026-05-04T08:35:52.949824228+00:00,155,-0.19,-59.17,0.02,56,-3.50,0.35,0.0147,0.0089,0.01,7741
2026-05-04T08:37:09.193108701+00:00,156,-0.19,-59.17,0.02,56,-3.50,0.40,0.0147,0.0089,0.01,7741
2026-05-04T08:38:25.531078426+00:00,157,-0.19,-59.17,0.02,56,-3.50,0.45,0.0147,0.0089,0.01,7741
2026-05-04T08:39:41.956370685+00:00,158,-0.19,-59.17,0.02,56,-3.50,0.50,0.0147,0.0089,0.01,7741
2026-05-04T08:40:58.377850287+00:00,159,-0.19,-59.17,0.02,56,-3.50,0.50,0.0147,0.0089,0.01,7741
2026-05-04T08:42:14.912848193+00:00,160,-0.19,-59.17,0.02,56,-3.50,0.50,0.0147,0.0089,0.01,7741
2026-05-04T08:43:31.380875091+00:00,161,-0.19,-59.17,0.02,56,-3.50,0.50,0.0147,0.0089,0.01,7741
2026-05-04T08:44:47.897864957+00:00,162,-0.19,-58.54,0.02,56,-3.50,0.20,0.0148,0.0076,0.01,8173
2026-05-04T08:46:03.781502608+00:00,163,-0.19,-61.03,0.02,56,-3.50,0.20,0.0142,0.0090,0.01,7999
2026-05-04T08:47:19.619789790+00:00,164,-0.19,-61.03,0.02,56,-3.50,0.25,0.0142,0.0090,0.01,7999
2026-05-04T08:48:35.564242244+00:00,165,-0.19,-61.03,0.02,56,-3.50,0.30,0.0142,0.0090,0.01,7999
2026-05-04T08:49:51.679106965+00:00,166,-0.19,-60.92,0.02,56,-3.50,0.20,0.0127,0.0096,0.01,8476
2026-05-04T08:51:07.577477349+00:00,167,-0.19,-60.92,0.02,56,-3.50,0.25,0.0127,0.0096,0.01,8476
2026-05-04T08:52:23.429032873+00:00,168,-0.19,-60.92,0.02,56,-3.50,0.30,0.0127,0.0096,0.01,8476
2026-05-04T08:53:39.591278127+00:00,169,-0.19,-61.20,0.02,56,-3.50,0.20,0.0153,0.0072,0.01,7758
2026-05-04T08:54:55.426169536+00:00,170,-0.19,-61.20,0.02,56,-3.50,0.25,0.0153,0.0072,0.01,7758
2026-05-04T08:56:11.340332946+00:00,171,-0.19,-61.20,0.02,56,-3.50,0.30,0.0153,0.0072,0.01,7758
2026-05-04T08:57:27.545642071+00:00,172,-0.19,-61.20,0.02,56,-3.50,0.35,0.0153,0.0072,0.01,7758
2026-05-04T08:58:43.585788451+00:00,173,-0.19,-61.20,0.02,56,-3.50,0.40,0.0153,0.0072,0.01,7758
2026-05-04T08:59:59.721697119+00:00,174,-0.19,-61.20,0.02,56,-3.50,0.45,0.0153,0.0072,0.01,7758
2026-05-04T09:01:15.990716372+00:00,175,-0.19,-61.20,0.02,56,-3.50,0.50,0.0153,0.0072,0.01,7758
2026-05-04T09:02:32.506919896+00:00,176,-0.19,-61.20,0.02,56,-3.50,0.50,0.0153,0.0072,0.01,7758
2026-05-04T09:03:48.898662875+00:00,177,-0.19,-61.20,0.02,56,-3.50,0.50,0.0153,0.0072,0.01,7758
2026-05-04T09:05:05.351322815+00:00,178,-0.19,-61.20,0.02,56,-3.50,0.50,0.0153,0.0072,0.01,7758
2026-05-04T09:06:21.520942818+00:00,179,-0.19,-61.20,0.02,56,-3.50,0.50,0.0153,0.0072,0.01,7758
2026-05-04T09:07:38.126460666+00:00,180,-0.19,-61.20,0.02,56,-3.50,0.80,0.0153,0.0072,0.01,7758
2026-05-04T09:08:55.187611318+00:00,181,-0.19,-61.20,0.02,56,-3.50,0.80,0.0153,0.0072,0.01,7758
2026-05-04T09:10:12.059103088+00:00,182,-0.19,-61.20,0.02,56,-3.50,0.80,0.0153,0.0072,0.01,7758
2026-05-04T09:11:29.032127409+00:00,183,-0.19,-61.20,0.02,56,-3.50,0.80,0.0153,0.0072,0.01,7758
2026-05-04T09:12:46.142331820+00:00,184,-0.19,-61.20,0.02,56,-3.50,0.80,0.0153,0.0072,0.01,7758
2026-05-04T09:14:03.336510835+00:00,185,-0.19,-61.20,0.02,56,-3.50,0.80,0.0153,0.0072,0.01,7758
2026-05-04T09:15:22.785805348+00:00,186,-0.19,-61.20,0.02,56,-3.50,0.50,0.0153,0.0072,0.01,7758
2026-05-04T09:16:39.531020635+00:00,187,-0.19,-61.20,0.02,56,-3.50,0.50,0.0153,0.0072,0.01,7758
2026-05-04T09:17:55.889539463+00:00,188,-0.19,-61.20,0.02,56,-3.50,0.50,0.0153,0.0072,0.01,7758
2026-05-04T09:19:12.709493656+00:00,189,-0.19,-61.20,0.02,56,-3.50,0.50,0.0153,0.0072,0.01,7758
2026-05-04T09:20:29.304052143+00:00,190,-0.19,-61.20,0.02,56,-3.50,0.50,0.0153,0.0072,0.01,7758
2026-05-04T09:21:45.967307424+00:00,191,-0.19,-61.20,0.02,56,-3.50,0.50,0.0153,0.0072,0.01,7758
2026-05-04T09:23:02.664147347+00:00,192,-0.19,-61.20,0.02,56,-3.50,0.50,0.0153,0.0072,0.01,7758
2026-05-04T09:24:19.216375147+00:00,193,-0.19,-61.20,0.02,56,-3.50,0.50,0.0153,0.0072,0.01,7758
2026-05-04T09:25:35.629991544+00:00,194,-0.19,-61.20,0.02,56,-3.50,0.50,0.0153,0.0072,0.01,7758
2026-05-04T09:26:52.198829843+00:00,195,-0.19,-61.20,0.02,56,-3.50,0.50,0.0153,0.0072,0.01,7758
2026-05-04T09:28:08.692820873+00:00,196,-0.19,-61.20,0.02,56,-3.50,0.80,0.0153,0.0072,0.01,7758
2026-05-04T09:29:25.554936504+00:00,197,-0.19,-61.20,0.02,56,-3.50,0.80,0.0153,0.0072,0.01,7758
2026-05-04T09:30:42.546382933+00:00,198,-0.19,-61.20,0.02,56,-3.50,0.80,0.0153,0.0072,0.01,7758
2026-05-04T09:31:59.737783558+00:00,199,-0.19,-61.20,0.02,56,-3.50,0.80,0.0153,0.0072,0.01,7758
2026-05-04T09:33:16.977413531+00:00,200,-0.19,-61.20,0.02,56,-3.50,0.80,0.0153,0.0072,0.01,7758
